﻿{"cameraMode":{"drawMode":0,"name":"Shaded","section":"Shading Mode"},"sceneLighting":true,"audioPlay":false,"sceneViewState":{"showFog":true,"showMaterialUpdate":false,"showSkybox":true,"showFlares":true,"showImageEffects":true,"showParticleSystems":true},"in2DMode":false,"pivot":{"x":-1.2994441986083985,"y":-8.928117752075196,"z":55.4487190246582},"rotation":{"x":-0.2081257849931717,"y":0.13797160983085633,"z":-0.02966814674437046,"w":-0.9678674340248108},"size":63.55659484863281,"orthographic":false}